Date,Customer,Service,Worked By (Christian / Both / Ethan),Gross $,Stripe Fee,Parts $,Net $,Christian %,Christian Payout,Company Keep
2026-06-18,J. Smith (example),Tuning,Christian,175,"=IF($E2="""","""",ROUND($E2*0.029+0.3,2))",,"=IF($E2="""","""",$E2-F2-IF($G2="""",0,$G2))","=IF($E2="""","""",IF($D2=""Christian"",0.9,IF($D2=""Both"",0.5,0)))","=IF($E2="""","""",ROUND($H2*$I2,2))","=IF($E2="""","""",ROUND($H2-$J2,2))"
,,,,,"=IF($E3="""","""",ROUND($E3*0.029+0.3,2))",,"=IF($E3="""","""",$E3-F3-IF($G3="""",0,$G3))","=IF($E3="""","""",IF($D3=""Christian"",0.9,IF($D3=""Both"",0.5,0)))","=IF($E3="""","""",ROUND($H3*$I3,2))","=IF($E3="""","""",ROUND($H3-$J3,2))"
,,,,,"=IF($E4="""","""",ROUND($E4*0.029+0.3,2))",,"=IF($E4="""","""",$E4-F4-IF($G4="""",0,$G4))","=IF($E4="""","""",IF($D4=""Christian"",0.9,IF($D4=""Both"",0.5,0)))","=IF($E4="""","""",ROUND($H4*$I4,2))","=IF($E4="""","""",ROUND($H4-$J4,2))"
,,,,,"=IF($E5="""","""",ROUND($E5*0.029+0.3,2))",,"=IF($E5="""","""",$E5-F5-IF($G5="""",0,$G5))","=IF($E5="""","""",IF($D5=""Christian"",0.9,IF($D5=""Both"",0.5,0)))","=IF($E5="""","""",ROUND($H5*$I5,2))","=IF($E5="""","""",ROUND($H5-$J5,2))"
,,,,,"=IF($E6="""","""",ROUND($E6*0.029+0.3,2))",,"=IF($E6="""","""",$E6-F6-IF($G6="""",0,$G6))","=IF($E6="""","""",IF($D6=""Christian"",0.9,IF($D6=""Both"",0.5,0)))","=IF($E6="""","""",ROUND($H6*$I6,2))","=IF($E6="""","""",ROUND($H6-$J6,2))"
,,,,,"=IF($E7="""","""",ROUND($E7*0.029+0.3,2))",,"=IF($E7="""","""",$E7-F7-IF($G7="""",0,$G7))","=IF($E7="""","""",IF($D7=""Christian"",0.9,IF($D7=""Both"",0.5,0)))","=IF($E7="""","""",ROUND($H7*$I7,2))","=IF($E7="""","""",ROUND($H7-$J7,2))"
,,,,,"=IF($E8="""","""",ROUND($E8*0.029+0.3,2))",,"=IF($E8="""","""",$E8-F8-IF($G8="""",0,$G8))","=IF($E8="""","""",IF($D8=""Christian"",0.9,IF($D8=""Both"",0.5,0)))","=IF($E8="""","""",ROUND($H8*$I8,2))","=IF($E8="""","""",ROUND($H8-$J8,2))"
,,,,,"=IF($E9="""","""",ROUND($E9*0.029+0.3,2))",,"=IF($E9="""","""",$E9-F9-IF($G9="""",0,$G9))","=IF($E9="""","""",IF($D9=""Christian"",0.9,IF($D9=""Both"",0.5,0)))","=IF($E9="""","""",ROUND($H9*$I9,2))","=IF($E9="""","""",ROUND($H9-$J9,2))"
,,,,,"=IF($E10="""","""",ROUND($E10*0.029+0.3,2))",,"=IF($E10="""","""",$E10-F10-IF($G10="""",0,$G10))","=IF($E10="""","""",IF($D10=""Christian"",0.9,IF($D10=""Both"",0.5,0)))","=IF($E10="""","""",ROUND($H10*$I10,2))","=IF($E10="""","""",ROUND($H10-$J10,2))"
,,,,,"=IF($E11="""","""",ROUND($E11*0.029+0.3,2))",,"=IF($E11="""","""",$E11-F11-IF($G11="""",0,$G11))","=IF($E11="""","""",IF($D11=""Christian"",0.9,IF($D11=""Both"",0.5,0)))","=IF($E11="""","""",ROUND($H11*$I11,2))","=IF($E11="""","""",ROUND($H11-$J11,2))"
,,,,,"=IF($E12="""","""",ROUND($E12*0.029+0.3,2))",,"=IF($E12="""","""",$E12-F12-IF($G12="""",0,$G12))","=IF($E12="""","""",IF($D12=""Christian"",0.9,IF($D12=""Both"",0.5,0)))","=IF($E12="""","""",ROUND($H12*$I12,2))","=IF($E12="""","""",ROUND($H12-$J12,2))"
,,,,,"=IF($E13="""","""",ROUND($E13*0.029+0.3,2))",,"=IF($E13="""","""",$E13-F13-IF($G13="""",0,$G13))","=IF($E13="""","""",IF($D13=""Christian"",0.9,IF($D13=""Both"",0.5,0)))","=IF($E13="""","""",ROUND($H13*$I13,2))","=IF($E13="""","""",ROUND($H13-$J13,2))"
,,,,,"=IF($E14="""","""",ROUND($E14*0.029+0.3,2))",,"=IF($E14="""","""",$E14-F14-IF($G14="""",0,$G14))","=IF($E14="""","""",IF($D14=""Christian"",0.9,IF($D14=""Both"",0.5,0)))","=IF($E14="""","""",ROUND($H14*$I14,2))","=IF($E14="""","""",ROUND($H14-$J14,2))"
,,,,,"=IF($E15="""","""",ROUND($E15*0.029+0.3,2))",,"=IF($E15="""","""",$E15-F15-IF($G15="""",0,$G15))","=IF($E15="""","""",IF($D15=""Christian"",0.9,IF($D15=""Both"",0.5,0)))","=IF($E15="""","""",ROUND($H15*$I15,2))","=IF($E15="""","""",ROUND($H15-$J15,2))"
,,,,,"=IF($E16="""","""",ROUND($E16*0.029+0.3,2))",,"=IF($E16="""","""",$E16-F16-IF($G16="""",0,$G16))","=IF($E16="""","""",IF($D16=""Christian"",0.9,IF($D16=""Both"",0.5,0)))","=IF($E16="""","""",ROUND($H16*$I16,2))","=IF($E16="""","""",ROUND($H16-$J16,2))"
,,,,,"=IF($E17="""","""",ROUND($E17*0.029+0.3,2))",,"=IF($E17="""","""",$E17-F17-IF($G17="""",0,$G17))","=IF($E17="""","""",IF($D17=""Christian"",0.9,IF($D17=""Both"",0.5,0)))","=IF($E17="""","""",ROUND($H17*$I17,2))","=IF($E17="""","""",ROUND($H17-$J17,2))"
,,,,,"=IF($E18="""","""",ROUND($E18*0.029+0.3,2))",,"=IF($E18="""","""",$E18-F18-IF($G18="""",0,$G18))","=IF($E18="""","""",IF($D18=""Christian"",0.9,IF($D18=""Both"",0.5,0)))","=IF($E18="""","""",ROUND($H18*$I18,2))","=IF($E18="""","""",ROUND($H18-$J18,2))"
,,,,,"=IF($E19="""","""",ROUND($E19*0.029+0.3,2))",,"=IF($E19="""","""",$E19-F19-IF($G19="""",0,$G19))","=IF($E19="""","""",IF($D19=""Christian"",0.9,IF($D19=""Both"",0.5,0)))","=IF($E19="""","""",ROUND($H19*$I19,2))","=IF($E19="""","""",ROUND($H19-$J19,2))"
,,,,,"=IF($E20="""","""",ROUND($E20*0.029+0.3,2))",,"=IF($E20="""","""",$E20-F20-IF($G20="""",0,$G20))","=IF($E20="""","""",IF($D20=""Christian"",0.9,IF($D20=""Both"",0.5,0)))","=IF($E20="""","""",ROUND($H20*$I20,2))","=IF($E20="""","""",ROUND($H20-$J20,2))"
,,,,,"=IF($E21="""","""",ROUND($E21*0.029+0.3,2))",,"=IF($E21="""","""",$E21-F21-IF($G21="""",0,$G21))","=IF($E21="""","""",IF($D21=""Christian"",0.9,IF($D21=""Both"",0.5,0)))","=IF($E21="""","""",ROUND($H21*$I21,2))","=IF($E21="""","""",ROUND($H21-$J21,2))"
,,,,,"=IF($E22="""","""",ROUND($E22*0.029+0.3,2))",,"=IF($E22="""","""",$E22-F22-IF($G22="""",0,$G22))","=IF($E22="""","""",IF($D22=""Christian"",0.9,IF($D22=""Both"",0.5,0)))","=IF($E22="""","""",ROUND($H22*$I22,2))","=IF($E22="""","""",ROUND($H22-$J22,2))"
,,,,,"=IF($E23="""","""",ROUND($E23*0.029+0.3,2))",,"=IF($E23="""","""",$E23-F23-IF($G23="""",0,$G23))","=IF($E23="""","""",IF($D23=""Christian"",0.9,IF($D23=""Both"",0.5,0)))","=IF($E23="""","""",ROUND($H23*$I23,2))","=IF($E23="""","""",ROUND($H23-$J23,2))"
,,,,,"=IF($E24="""","""",ROUND($E24*0.029+0.3,2))",,"=IF($E24="""","""",$E24-F24-IF($G24="""",0,$G24))","=IF($E24="""","""",IF($D24=""Christian"",0.9,IF($D24=""Both"",0.5,0)))","=IF($E24="""","""",ROUND($H24*$I24,2))","=IF($E24="""","""",ROUND($H24-$J24,2))"
,,,,,"=IF($E25="""","""",ROUND($E25*0.029+0.3,2))",,"=IF($E25="""","""",$E25-F25-IF($G25="""",0,$G25))","=IF($E25="""","""",IF($D25=""Christian"",0.9,IF($D25=""Both"",0.5,0)))","=IF($E25="""","""",ROUND($H25*$I25,2))","=IF($E25="""","""",ROUND($H25-$J25,2))"
,,,,,"=IF($E26="""","""",ROUND($E26*0.029+0.3,2))",,"=IF($E26="""","""",$E26-F26-IF($G26="""",0,$G26))","=IF($E26="""","""",IF($D26=""Christian"",0.9,IF($D26=""Both"",0.5,0)))","=IF($E26="""","""",ROUND($H26*$I26,2))","=IF($E26="""","""",ROUND($H26-$J26,2))"
,,,,,"=IF($E27="""","""",ROUND($E27*0.029+0.3,2))",,"=IF($E27="""","""",$E27-F27-IF($G27="""",0,$G27))","=IF($E27="""","""",IF($D27=""Christian"",0.9,IF($D27=""Both"",0.5,0)))","=IF($E27="""","""",ROUND($H27*$I27,2))","=IF($E27="""","""",ROUND($H27-$J27,2))"
,,,,,"=IF($E28="""","""",ROUND($E28*0.029+0.3,2))",,"=IF($E28="""","""",$E28-F28-IF($G28="""",0,$G28))","=IF($E28="""","""",IF($D28=""Christian"",0.9,IF($D28=""Both"",0.5,0)))","=IF($E28="""","""",ROUND($H28*$I28,2))","=IF($E28="""","""",ROUND($H28-$J28,2))"
,,,,,"=IF($E29="""","""",ROUND($E29*0.029+0.3,2))",,"=IF($E29="""","""",$E29-F29-IF($G29="""",0,$G29))","=IF($E29="""","""",IF($D29=""Christian"",0.9,IF($D29=""Both"",0.5,0)))","=IF($E29="""","""",ROUND($H29*$I29,2))","=IF($E29="""","""",ROUND($H29-$J29,2))"
,,,,,"=IF($E30="""","""",ROUND($E30*0.029+0.3,2))",,"=IF($E30="""","""",$E30-F30-IF($G30="""",0,$G30))","=IF($E30="""","""",IF($D30=""Christian"",0.9,IF($D30=""Both"",0.5,0)))","=IF($E30="""","""",ROUND($H30*$I30,2))","=IF($E30="""","""",ROUND($H30-$J30,2))"
,,,,,"=IF($E31="""","""",ROUND($E31*0.029+0.3,2))",,"=IF($E31="""","""",$E31-F31-IF($G31="""",0,$G31))","=IF($E31="""","""",IF($D31=""Christian"",0.9,IF($D31=""Both"",0.5,0)))","=IF($E31="""","""",ROUND($H31*$I31,2))","=IF($E31="""","""",ROUND($H31-$J31,2))"
,,,,,"=IF($E32="""","""",ROUND($E32*0.029+0.3,2))",,"=IF($E32="""","""",$E32-F32-IF($G32="""",0,$G32))","=IF($E32="""","""",IF($D32=""Christian"",0.9,IF($D32=""Both"",0.5,0)))","=IF($E32="""","""",ROUND($H32*$I32,2))","=IF($E32="""","""",ROUND($H32-$J32,2))"
,,,,,"=IF($E33="""","""",ROUND($E33*0.029+0.3,2))",,"=IF($E33="""","""",$E33-F33-IF($G33="""",0,$G33))","=IF($E33="""","""",IF($D33=""Christian"",0.9,IF($D33=""Both"",0.5,0)))","=IF($E33="""","""",ROUND($H33*$I33,2))","=IF($E33="""","""",ROUND($H33-$J33,2))"
,,,,,"=IF($E34="""","""",ROUND($E34*0.029+0.3,2))",,"=IF($E34="""","""",$E34-F34-IF($G34="""",0,$G34))","=IF($E34="""","""",IF($D34=""Christian"",0.9,IF($D34=""Both"",0.5,0)))","=IF($E34="""","""",ROUND($H34*$I34,2))","=IF($E34="""","""",ROUND($H34-$J34,2))"
,,,,,"=IF($E35="""","""",ROUND($E35*0.029+0.3,2))",,"=IF($E35="""","""",$E35-F35-IF($G35="""",0,$G35))","=IF($E35="""","""",IF($D35=""Christian"",0.9,IF($D35=""Both"",0.5,0)))","=IF($E35="""","""",ROUND($H35*$I35,2))","=IF($E35="""","""",ROUND($H35-$J35,2))"
,,,,,"=IF($E36="""","""",ROUND($E36*0.029+0.3,2))",,"=IF($E36="""","""",$E36-F36-IF($G36="""",0,$G36))","=IF($E36="""","""",IF($D36=""Christian"",0.9,IF($D36=""Both"",0.5,0)))","=IF($E36="""","""",ROUND($H36*$I36,2))","=IF($E36="""","""",ROUND($H36-$J36,2))"
,,,,,"=IF($E37="""","""",ROUND($E37*0.029+0.3,2))",,"=IF($E37="""","""",$E37-F37-IF($G37="""",0,$G37))","=IF($E37="""","""",IF($D37=""Christian"",0.9,IF($D37=""Both"",0.5,0)))","=IF($E37="""","""",ROUND($H37*$I37,2))","=IF($E37="""","""",ROUND($H37-$J37,2))"
,,,,,"=IF($E38="""","""",ROUND($E38*0.029+0.3,2))",,"=IF($E38="""","""",$E38-F38-IF($G38="""",0,$G38))","=IF($E38="""","""",IF($D38=""Christian"",0.9,IF($D38=""Both"",0.5,0)))","=IF($E38="""","""",ROUND($H38*$I38,2))","=IF($E38="""","""",ROUND($H38-$J38,2))"
,,,,,"=IF($E39="""","""",ROUND($E39*0.029+0.3,2))",,"=IF($E39="""","""",$E39-F39-IF($G39="""",0,$G39))","=IF($E39="""","""",IF($D39=""Christian"",0.9,IF($D39=""Both"",0.5,0)))","=IF($E39="""","""",ROUND($H39*$I39,2))","=IF($E39="""","""",ROUND($H39-$J39,2))"
,,,,,"=IF($E40="""","""",ROUND($E40*0.029+0.3,2))",,"=IF($E40="""","""",$E40-F40-IF($G40="""",0,$G40))","=IF($E40="""","""",IF($D40=""Christian"",0.9,IF($D40=""Both"",0.5,0)))","=IF($E40="""","""",ROUND($H40*$I40,2))","=IF($E40="""","""",ROUND($H40-$J40,2))"
,,,,,,,,,,
TOTALS,,,,=SUM(E2:E40),=SUM(F2:F40),=SUM(G2:G40),=SUM(H2:H40),,=SUM(J2:J40),=SUM(K2:K40)
